Quiz_Summary,Assignment_Summary,Grade_Point_Average,Age,Children,Completed_Nysc,Gender_Male
74.0,0,0.0,29.0,True,True,1
74.0,70,56.0,29.0,True,True,1
74.0,80,64.0,29.0,True,True,1
74.0,100,80.0,29.0,True,True,1
74.0,80,64.0,29.0,True,True,1
74.0,90,72.0,29.0,True,True,1
74.0,98,78.4,29.0,True,True,1
74.0,100,80.0,29.0,True,True,1
74.0,100,80.0,29.0,True,True,1
74.0,100,80.0,29.0,True,True,1
74.0,100,80.0,29.0,True,True,1
74.0,100,80.0,29.0,True,True,1
74.0,98,78.4,29.0,True,True,1
74.0,100,80.0,29.0,True,True,1
74.0,100,80.0,29.0,True,True,1
74.0,70,56.0,29.0,True,True,1
74.0,0,0.0,29.0,True,True,1
74.0,90,72.0,29.0,True,True,1
74.0,100,80.0,29.0,True,True,1
74.0,100,80.0,29.0,True,True,1
74.0,100,80.0,29.0,True,True,1
74.0,100,80.0,29.0,True,True,1
74.0,100,80.0,29.0,True,True,1
74.0,100,80.0,29.0,True,True,1
74.0,100,80.0,29.0,True,True,1
74.0,98,78.4,29.0,True,True,1
74.0,0,0.0,29.0,True,True,1
74.0,100,80.0,29.0,True,True,1
74.0,100,80.0,29.0,True,True,1
74.0,100,80.0,29.0,True,True,1
74.0,100,80.0,29.0,True,True,1
74.0,100,80.0,29.0,True,True,1
74.0,0,0.0,29.0,True,True,1
74.0,80,64.0,29.0,True,True,1
74.0,100,80.0,29.0,True,True,1
74.0,70,56.0,29.0,True,True,1
74.0,0,0.0,29.0,True,True,1
74.0,100,80.0,29.0,True,True,1
74.0,100,80.0,29.0,True,True,1
74.0,0,0.0,29.0,True,True,1
74.0,90,72.0,29.0,True,True,1
74.0,0,0.0,29.0,True,True,1
74.0,100,80.0,29.0,True,True,1
74.0,100,80.0,29.0,True,True,1
74.0,80,64.0,29.0,True,True,1
74.0,100,80.0,29.0,True,True,1
74.0,0,0.0,29.0,True,True,1
74.0,100,80.0,29.0,True,True,1
74.0,0,0.0,29.0,True,True,1
74.0,0,0.0,29.0,True,True,1
74.0,0,0.0,29.0,True,True,1
74.0,100,80.0,29.0,True,True,1
74.0,100,80.0,29.0,True,True,1
74.0,0,0.0,29.0,True,True,1
74.0,0,0.0,29.0,True,True,1
74.0,0,0.0,29.0,True,True,1
74.0,0,0.0,29.0,True,True,1
74.0,0,0.0,29.0,True,True,1
74.0,0,0.0,29.0,True,True,1
74.0,0,0.0,29.0,True,True,1
77.0,61,17.0,25.0,True,False,0
89.0,2,77.0,31.0,False,False,1
80.0,61,59.0,30.0,True,True,1
73.0,71,57.0,24.0,True,True,1
92.0,82,13.0,39.0,False,False,1
83.0,52,97.0,26.0,False,True,1
48.0,48,96.0,26.0,False,True,0
99.0,69,2.0,28.0,False,False,1
67.0,2,53.0,25.0,True,True,1
72.0,11,5.0,27.0,False,True,1
74.0,37,1.0,38.0,True,False,0
49.0,19,40.0,27.0,False,False,1
100.0,26,36.0,18.0,False,True,0
54.0,92,70.0,29.0,False,True,1
46.0,84,64.0,28.0,False,False,0
52.0,85,73.0,23.0,True,False,1
48.0,41,1.0,40.0,False,False,1
66.0,99,71.0,21.0,False,True,0
73.0,40,10.0,23.0,False,False,1
93.0,0,49.0,18.0,False,True,0
70.0,31,32.0,39.0,False,False,0
52.0,68,29.0,37.0,False,False,1
98.0,86,49.0,39.0,False,False,1
77.0,47,58.0,30.0,True,True,1
99.0,89,53.0,37.0,True,False,1
77.0,16,51.0,31.0,False,True,0
72.0,89,49.0,34.0,False,True,1
71.0,82,79.0,35.0,False,True,1
85.0,41,82.0,34.0,True,True,0
46.0,5,63.0,30.0,True,True,0
63.0,65,61.0,23.0,True,True,1
74.0,66,86.0,34.0,False,True,0
72.0,53,95.0,25.0,False,True,0
46.0,1,18.0,39.0,True,True,1
89.0,52,51.0,24.0,True,True,0
64.0,72,98.0,37.0,False,True,1
79.0,9,81.0,30.0,True,True,0
72.0,43,50.0,40.0,False,True,0
54.0,45,57.0,26.0,False,False,0
67.0,70,66.0,23.0,True,True,1
86.0,57,94.0,35.0,False,False,1
54.0,25,50.0,31.0,True,False,1
61.0,57,32.0,19.0,False,False,0
56.0,9,62.0,24.0,True,True,1
54.0,98,9.0,26.0,True,False,1
78.0,28,66.0,28.0,False,False,0
47.0,39,84.0,32.0,True,False,0
52.0,42,82.0,25.0,False,True,0
50.0,12,91.0,34.0,False,False,1
77.0,22,28.0,23.0,False,True,1
49.0,72,22.0,33.0,False,False,1
83.0,22,56.0,26.0,True,False,1
49.0,32,80.0,32.0,False,False,0
80.0,9,59.0,39.0,False,True,0
81.0,38,70.0,21.0,True,True,0
98.0,10,19.0,27.0,False,True,1
49.0,16,64.0,38.0,True,True,1
97.0,41,21.0,33.0,False,False,1
65.0,3,40.0,25.0,False,False,1
67.0,45,38.0,38.0,True,False,1
81.0,51,77.0,24.0,True,False,1
64.0,71,19.0,34.0,True,False,1
75.0,75,29.0,28.0,False,False,0
68.0,9,9.0,34.0,False,False,1
66.0,79,78.0,25.0,True,True,0
93.0,27,83.0,18.0,True,False,0
79.0,61,36.0,30.0,False,False,0
48.0,33,6.0,20.0,True,True,0
99.0,21,92.0,20.0,False,False,0
70.0,38,32.0,30.0,False,True,1
83.0,64,37.0,33.0,True,True,0
71.0,68,1.0,37.0,True,True,0
63.0,7,89.0,31.0,True,False,0
98.0,16,82.0,37.0,False,True,0
70.0,17,21.0,30.0,True,True,1
87.0,34,74.0,27.0,True,True,1
98.0,19,60.0,37.0,False,False,1
95.0,53,36.0,25.0,False,False,1
80.0,5,41.0,21.0,False,True,1
82.0,43,58.0,31.0,False,True,1
74.0,25,48.0,37.0,False,True,1
99.0,96,21.0,20.0,False,True,0
72.0,72,44.0,23.0,False,False,1
71.0,95,15.0,24.0,False,True,1
83.0,37,13.0,40.0,False,False,0
84.0,97,10.0,36.0,True,False,1
85.0,2,67.0,30.0,True,False,1
89.0,24,32.0,23.0,False,True,1
91.0,1,44.0,27.0,False,True,0
81.0,12,96.0,32.0,True,True,0
64.0,70,85.0,32.0,False,True,0
57.0,38,73.0,19.0,False,False,0
64.0,7,48.0,36.0,False,True,1
79.0,25,40.0,21.0,True,True,1
79.0,54,98.0,31.0,False,True,0
45.0,79,85.0,30.0,True,False,1
49.0,50,99.0,25.0,True,False,0
61.0,89,17.0,25.0,False,False,0
71.0,94,94.0,30.0,False,False,0
53.0,61,80.0,30.0,True,True,0
81.0,93,5.0,34.0,False,False,1
62.0,7,77.0,21.0,False,False,0
91.0,27,6.0,32.0,False,False,0
78.0,60,12.0,30.0,True,False,1
76.0,81,60.0,20.0,True,True,1
48.0,43,89.0,39.0,False,True,0
54.0,1,81.0,37.0,True,False,0
47.0,16,46.0,24.0,False,True,0
100.0,79,0.0,40.0,True,True,1
48.0,44,47.0,21.0,False,True,0
82.0,83,85.0,22.0,True,False,0
62.0,94,2.0,25.0,True,True,1
79.0,20,82.0,33.0,True,False,1
90.0,67,35.0,37.0,True,True,0
53.0,89,48.0,31.0,False,False,0
70.0,50,8.0,35.0,False,True,1
54.0,2,50.0,28.0,False,True,0
93.0,72,43.0,35.0,True,False,0
52.0,61,42.0,37.0,True,False,0
87.0,72,79.0,35.0,True,False,0
87.0,99,66.0,23.0,False,True,1
89.0,26,88.0,25.0,False,False,1
52.0,32,60.0,36.0,True,True,1
72.0,35,73.0,32.0,True,True,0
82.0,80,34.0,32.0,False,False,1
59.0,85,43.0,31.0,False,True,1
66.0,84,17.0,28.0,False,True,1
49.0,20,53.0,22.0,False,True,1
87.0,86,2.0,28.0,True,True,1
57.0,18,13.0,24.0,True,False,0
63.0,63,42.0,22.0,False,False,1
81.0,44,24.0,31.0,False,True,1
83.0,10,77.0,30.0,True,False,1
99.0,90,78.0,18.0,True,False,0
47.0,30,52.0,23.0,False,False,1
64.0,64,76.0,30.0,False,True,0
48.0,41,74.0,33.0,True,False,1
76.0,91,16.0,32.0,True,True,1
82.0,50,95.0,27.0,True,True,1
96.0,74,98.0,30.0,False,True,0
76.0,95,67.0,24.0,True,False,0
68.0,42,13.0,21.0,True,True,0
82.0,73,51.0,20.0,False,True,1
97.0,14,47.0,23.0,False,False,1
89.0,14,31.0,30.0,True,True,0
49.0,66,63.0,36.0,False,False,0
87.0,12,3.0,19.0,True,True,1
67.0,58,38.0,40.0,False,True,0
53.0,20,44.0,40.0,True,True,1
65.0,53,50.0,21.0,False,True,1
68.0,63,63.0,21.0,False,False,0
91.0,22,70.0,21.0,True,False,1
73.0,43,5.0,23.0,False,True,0
61.0,99,83.0,25.0,True,True,0
69.0,74,53.0,18.0,True,False,0
87.0,21,76.0,27.0,True,True,1
87.0,89,45.0,25.0,True,True,1
89.0,60,17.0,31.0,False,True,1
58.0,86,79.0,28.0,False,True,0
84.0,67,3.0,31.0,True,False,0
78.0,91,96.0,37.0,True,False,0
56.0,10,99.0,21.0,True,False,1
88.0,52,60.0,39.0,True,False,1
47.0,46,43.0,27.0,False,True,1
82.0,78,59.0,20.0,True,False,1
84.0,91,0.0,24.0,True,True,0
65.0,55,75.0,29.0,True,False,0
63.0,48,91.0,25.0,True,False,1
91.0,66,44.0,29.0,True,True,0
49.0,94,19.0,23.0,False,True,0
66.0,47,83.0,35.0,True,False,1
53.0,4,73.0,25.0,True,True,0
57.0,97,10.0,22.0,True,True,0
74.0,59,14.0,36.0,True,True,1
56.0,70,46.0,40.0,True,True,0
72.0,44,88.0,21.0,True,True,0
98.0,27,13.0,40.0,False,False,0
60.0,9,94.0,40.0,True,False,0
73.0,17,8.0,29.0,True,False,0
64.0,44,4.0,39.0,True,True,1
81.0,55,24.0,25.0,True,False,1
72.0,53,75.0,19.0,True,False,0
54.0,100,2.0,25.0,False,False,1
70.0,30,58.0,21.0,False,True,1
74.0,82,100.0,38.0,False,False,0
63.0,28,73.0,31.0,True,False,1
100.0,20,35.0,27.0,False,False,1
50.0,0,89.0,40.0,True,True,1
96.0,78,88.0,21.0,True,False,1
56.0,73,77.0,32.0,False,True,0
94.0,87,25.0,39.0,False,False,1
83.0,60,90.0,28.0,True,False,0
99.0,50,84.0,33.0,True,False,0
51.0,3,31.0,31.0,True,False,1
86.0,58,45.0,29.0,True,False,0
76.0,84,15.0,27.0,True,True,1
50.0,4,10.0,21.0,True,False,1
50.0,64,10.0,37.0,False,False,0
88.0,92,34.0,23.0,True,True,0
68.0,58,14.0,26.0,True,True,0
49.0,41,61.0,18.0,True,False,0
72.0,57,47.0,20.0,True,True,0
74.0,14,33.0,30.0,False,True,1
82.0,18,80.0,33.0,False,True,1
78.0,25,90.0,21.0,False,False,1
75.0,66,94.0,26.0,True,False,0
69.0,70,78.0,20.0,True,True,1
63.0,67,39.0,37.0,True,True,0
96.0,12,1.0,39.0,False,False,0
80.0,57,5.0,40.0,True,False,1
54.0,43,31.0,40.0,True,True,1
65.0,20,93.0,33.0,False,True,1
59.0,68,68.0,19.0,True,True,1
55.0,5,37.0,21.0,False,False,1
79.0,29,15.0,20.0,False,True,1
57.0,18,71.0,21.0,True,False,1
87.0,89,62.0,30.0,False,True,0
50.0,61,47.0,22.0,False,True,1
53.0,50,90.0,33.0,False,False,0
56.0,14,33.0,36.0,True,False,1
57.0,20,63.0,38.0,True,True,1
86.0,3,53.0,18.0,False,True,0
78.0,82,45.0,21.0,False,False,1
90.0,76,21.0,31.0,True,False,1
80.0,16,35.0,23.0,True,False,1
90.0,23,55.0,29.0,False,True,0
79.0,52,39.0,29.0,True,False,1
50.0,88,12.0,27.0,False,True,0
56.0,97,45.0,22.0,False,True,0
55.0,8,70.0,21.0,True,True,0
71.0,44,2.0,18.0,True,False,1
61.0,19,6.0,38.0,True,True,1
45.0,9,28.0,25.0,False,True,1
79.0,77,31.0,37.0,False,True,1
47.0,32,48.0,40.0,False,True,1
87.0,40,65.0,34.0,False,False,1
68.0,5,68.0,34.0,True,True,0
100.0,63,55.0,36.0,False,False,1
58.0,13,49.0,25.0,True,True,1
91.0,72,19.0,24.0,False,False,1
85.0,45,22.0,38.0,True,False,0
76.0,39,2.0,34.0,True,True,0
91.0,70,20.0,30.0,False,False,1
98.0,91,91.0,34.0,False,True,0
89.0,64,51.0,34.0,True,True,0
80.0,68,40.0,18.0,True,False,1
48.0,22,0.0,34.0,True,False,0
77.0,67,72.0,21.0,False,False,1
84.0,3,78.0,35.0,True,True,1
59.0,89,57.0,33.0,True,False,0
59.0,15,79.0,25.0,False,True,1
98.0,54,89.0,30.0,True,True,1
60.0,14,8.0,30.0,True,True,0
77.0,98,52.0,32.0,False,True,1
59.0,48,5.0,28.0,True,True,1
89.0,6,83.0,19.0,True,False,0
72.0,81,45.0,39.0,True,False,0
81.0,9,52.0,33.0,True,True,0
90.0,42,17.0,37.0,True,True,1
92.0,85,96.0,38.0,False,True,0
99.0,40,40.0,37.0,True,True,1
93.0,57,19.0,36.0,False,True,0
57.0,16,18.0,37.0,True,True,1
68.0,99,84.0,31.0,False,True,1
83.0,33,82.0,18.0,False,False,0
64.0,81,19.0,28.0,True,True,1
95.0,57,44.0,35.0,False,True,0
97.0,98,80.0,35.0,True,False,1
80.0,86,55.0,30.0,False,True,0
69.0,44,65.0,24.0,True,False,0
91.0,16,17.0,38.0,False,True,0
96.0,51,84.0,31.0,False,True,1
55.0,92,85.0,21.0,True,False,1
55.0,50,28.0,20.0,False,False,0
76.0,5,81.0,19.0,False,False,1
84.0,15,70.0,23.0,True,False,0
68.0,80,10.0,19.0,False,False,0
95.0,26,81.0,26.0,True,False,1
72.0,14,6.0,38.0,False,False,1
50.0,95,76.0,20.0,False,True,1
62.0,40,29.0,33.0,True,True,1
96.0,95,49.0,25.0,True,True,1
71.0,64,19.0,35.0,True,True,0
48.0,21,81.0,23.0,False,True,1
80.0,50,37.0,37.0,True,True,1
76.0,25,17.0,19.0,True,True,1
55.0,11,41.0,32.0,True,True,0
71.0,39,71.0,18.0,False,True,0
45.0,56,0.0,22.0,False,False,0
51.0,35,72.0,29.0,True,False,1
51.0,55,36.0,33.0,False,False,1
98.0,96,85.0,22.0,True,True,0
77.0,8,53.0,24.0,True,True,1
89.0,4,36.0,40.0,False,True,1
53.0,40,59.0,18.0,True,False,1
99.0,87,0.0,28.0,False,False,1
73.0,89,64.0,40.0,False,True,0
64.0,57,89.0,26.0,True,False,1
88.0,58,76.0,39.0,False,False,1
49.0,14,13.0,30.0,False,False,1
55.0,42,51.0,32.0,True,True,1
87.0,45,10.0,21.0,False,True,1
62.0,57,22.0,33.0,False,False,1
46.0,4,21.0,18.0,True,False,1
91.0,20,72.0,25.0,False,True,1
82.0,7,45.0,40.0,False,True,0
93.0,19,55.0,37.0,False,True,1
82.0,84,19.0,25.0,False,True,1
99.0,35,89.0,27.0,True,False,0
63.0,25,70.0,32.0,True,True,1
84.0,17,98.0,37.0,False,False,1
76.0,25,75.0,31.0,False,True,0
45.0,19,81.0,29.0,True,False,0
68.0,9,4.0,27.0,True,False,0
86.0,58,82.0,36.0,True,True,1
53.0,15,71.0,23.0,True,True,1
96.0,37,44.0,27.0,True,True,1
87.0,26,0.0,34.0,False,True,1
47.0,6,4.0,29.0,True,False,0
55.0,44,47.0,21.0,False,False,1
93.0,68,45.0,22.0,True,True,0
76.0,7,75.0,32.0,False,True,1
100.0,91,18.0,26.0,False,True,0
62.0,59,23.0,30.0,False,False,1
45.0,78,52.0,21.0,False,True,0
82.0,87,55.0,28.0,True,False,1
73.0,30,22.0,21.0,False,False,0
79.0,57,48.0,37.0,True,False,1
48.0,17,100.0,27.0,True,True,1
99.0,48,70.0,34.0,False,True,0
82.0,92,28.0,30.0,False,False,0
85.0,40,6.0,21.0,True,False,0
49.0,78,82.0,33.0,False,False,1
69.0,22,18.0,25.0,True,True,0
54.0,4,41.0,20.0,False,True,1
96.0,18,1.0,37.0,True,True,0
95.0,58,89.0,22.0,True,True,1
54.0,26,33.0,39.0,True,True,1
69.0,51,55.0,28.0,True,False,1
82.0,91,84.0,26.0,True,False,1
90.0,2,42.0,34.0,False,False,1
68.0,57,58.0,26.0,False,False,0
73.0,80,35.0,20.0,False,True,0
81.0,71,32.0,34.0,True,True,0
87.0,87,6.0,26.0,False,False,0
86.0,44,57.0,18.0,False,False,0
77.0,51,57.0,34.0,True,True,0
78.0,83,82.0,21.0,True,False,1
63.0,72,51.0,38.0,False,False,0
96.0,64,77.0,22.0,False,False,0
84.0,35,65.0,33.0,True,False,1
88.0,7,35.0,38.0,True,False,0
48.0,87,5.0,34.0,True,True,0
62.0,61,23.0,24.0,True,False,0
92.0,83,58.0,29.0,True,False,0
49.0,65,91.0,28.0,True,True,1
85.0,19,19.0,24.0,False,False,0
67.0,100,78.0,32.0,False,False,0
95.0,69,56.0,29.0,True,True,1
64.0,83,9.0,29.0,True,True,1
63.0,47,42.0,25.0,False,True,0
66.0,42,89.0,28.0,False,False,0
86.0,5,96.0,30.0,True,True,1
62.0,81,48.0,21.0,True,True,1
60.0,28,93.0,29.0,False,False,1
56.0,21,49.0,39.0,False,True,0
86.0,9,88.0,18.0,False,False,0
63.0,30,21.0,29.0,True,False,0
73.0,51,91.0,28.0,True,True,0
64.0,56,38.0,30.0,False,True,1
56.0,69,93.0,18.0,True,False,0
55.0,11,7.0,21.0,True,False,0
67.0,23,87.0,28.0,True,True,1
96.0,85,27.0,32.0,True,False,1
89.0,78,90.0,20.0,False,False,0
58.0,38,68.0,32.0,False,False,0
79.0,67,18.0,39.0,False,True,0
95.0,9,22.0,19.0,False,False,0
91.0,4,40.0,19.0,True,False,1
64.0,62,89.0,30.0,False,True,1
55.0,45,77.0,29.0,False,False,1
82.0,22,28.0,40.0,False,False,1
48.0,8,96.0,22.0,True,True,0
84.0,64,81.0,30.0,True,False,0
79.0,28,30.0,33.0,False,True,0
96.0,29,53.0,37.0,False,False,0
82.0,91,91.0,35.0,True,True,1
97.0,16,45.0,37.0,False,True,1
91.0,81,83.0,29.0,True,False,0
87.0,65,59.0,32.0,False,True,0
96.0,31,56.0,40.0,True,True,1
66.0,35,19.0,20.0,False,True,0
60.0,21,55.0,38.0,True,True,1
75.0,45,28.0,36.0,False,True,0
64.0,20,95.0,26.0,False,True,1
59.0,41,47.0,33.0,True,True,0
86.0,73,48.0,37.0,False,True,1
69.0,4,27.0,28.0,False,True,0
77.0,78,50.0,30.0,False,False,0
57.0,77,98.0,37.0,True,False,1
57.0,8,65.0,32.0,True,True,1
61.0,88,85.0,39.0,True,False,0
77.0,93,80.0,21.0,True,True,0
76.0,53,37.0,39.0,False,False,1
69.0,94,56.0,37.0,False,False,1
53.0,32,52.0,28.0,False,True,0
83.0,42,60.0,20.0,False,True,1
66.0,94,6.0,37.0,False,False,1
48.0,51,68.0,20.0,True,True,0
90.0,54,94.0,33.0,True,False,0
94.0,71,42.0,19.0,True,False,0
52.0,52,12.0,37.0,False,True,0
86.0,70,48.0,34.0,True,False,1
95.0,1,37.0,24.0,True,True,0
79.0,79,13.0,36.0,False,True,1
68.0,27,81.0,30.0,True,True,0
93.0,52,56.0,39.0,True,False,1
66.0,67,47.0,19.0,False,False,1
76.0,98,68.0,33.0,False,True,0
68.0,58,41.0,22.0,True,True,1
48.0,24,89.0,18.0,False,True,1
67.0,32,89.0,21.0,True,True,0
62.0,47,64.0,19.0,False,True,1
58.0,82,27.0,20.0,False,False,1
86.0,56,72.0,25.0,False,True,1
94.0,84,85.0,20.0,True,False,1
100.0,14,18.0,33.0,True,False,1
79.0,13,25.0,32.0,False,False,1
82.0,50,27.0,31.0,True,True,0
97.0,67,78.0,35.0,False,False,0
99.0,33,14.0,39.0,False,True,0
91.0,37,15.0,37.0,False,False,0
79.0,5,80.0,32.0,True,True,1
46.0,90,18.0,35.0,False,True,1
63.0,91,51.0,39.0,True,False,0
77.0,62,64.0,35.0,True,True,1
45.0,87,92.0,23.0,True,True,0
53.0,79,18.0,24.0,True,False,0
84.0,35,54.0,18.0,False,True,1
49.0,27,10.0,32.0,False,True,1
82.0,11,97.0,36.0,True,False,0
58.0,80,47.0,30.0,False,False,0
59.0,20,69.0,33.0,True,False,0
94.0,80,25.0,25.0,False,False,1
92.0,52,95.0,34.0,True,False,1
76.0,96,95.0,34.0,True,False,1
70.0,56,54.0,37.0,False,True,0
69.0,78,19.0,29.0,True,True,1
96.0,31,61.0,29.0,True,False,1
46.0,48,97.0,26.0,True,False,0
77.0,7,93.0,23.0,False,False,1
74.0,50,78.0,30.0,True,False,0
68.0,57,47.0,18.0,False,False,0
89.0,69,3.0,25.0,True,False,0
67.0,3,94.0,31.0,False,False,0
52.0,7,38.0,25.0,False,False,0
63.0,83,47.0,21.0,True,True,1
55.0,77,67.0,25.0,True,True,1
69.0,18,12.0,21.0,False,False,1
85.0,35,7.0,19.0,True,True,1
88.0,58,9.0,23.0,False,False,1
64.0,63,51.0,32.0,False,False,1
70.0,76,14.0,38.0,True,True,0
83.0,96,97.0,19.0,False,False,1
64.0,29,75.0,30.0,False,False,0
47.0,8,95.0,38.0,False,False,1
74.0,39,60.0,32.0,False,False,0
68.0,98,66.0,40.0,True,True,0
88.0,79,3.0,20.0,False,False,0
48.0,80,44.0,36.0,False,True,0
87.0,22,81.0,32.0,True,False,0
69.0,31,16.0,34.0,True,True,1
77.0,66,5.0,32.0,False,False,1
82.0,0,94.0,20.0,False,True,1
69.0,10,36.0,34.0,True,False,1
77.0,78,79.0,27.0,True,True,1
55.0,69,34.0,39.0,True,False,0
51.0,69,71.0,30.0,False,False,0
92.0,70,76.0,28.0,True,True,1
64.0,45,86.0,29.0,True,False,1
53.0,100,48.0,26.0,False,True,1
55.0,11,81.0,39.0,True,True,1
96.0,29,75.0,23.0,False,False,1
67.0,93,34.0,37.0,True,False,0
46.0,59,10.0,24.0,False,False,1
46.0,21,23.0,31.0,True,True,0
51.0,26,15.0,19.0,False,False,0
58.0,51,38.0,23.0,False,True,1
70.0,33,69.0,21.0,False,True,1
82.0,38,94.0,29.0,True,True,1
63.0,51,36.0,30.0,True,True,0
47.0,66,16.0,32.0,True,False,1
75.0,11,37.0,35.0,True,False,1
63.0,31,84.0,39.0,False,True,0
63.0,92,88.0,20.0,False,True,0
59.0,63,98.0,39.0,False,False,0
58.0,57,93.0,23.0,True,False,0
85.0,62,40.0,18.0,False,True,0
54.0,35,99.0,32.0,False,False,0
92.0,8,74.0,36.0,False,False,0
100.0,40,67.0,29.0,True,False,1
96.0,51,91.0,33.0,True,True,0
47.0,99,21.0,18.0,True,False,0
71.0,1,66.0,30.0,False,False,0
89.0,76,93.0,27.0,False,True,0
60.0,84,98.0,38.0,False,True,0
89.0,52,0.0,27.0,True,True,0
56.0,75,11.0,33.0,True,True,1
72.0,85,3.0,28.0,False,True,1
88.0,75,57.0,23.0,False,False,0
71.0,52,9.0,24.0,True,True,1
92.0,40,92.0,22.0,True,True,0
60.0,82,14.0,32.0,True,False,0
99.0,65,23.0,23.0,False,False,1
85.0,0,95.0,18.0,False,True,0
78.0,24,44.0,26.0,True,False,0
81.0,54,55.0,40.0,True,False,1
87.0,71,80.0,21.0,False,False,0
66.0,42,66.0,33.0,False,False,1
61.0,14,93.0,40.0,True,False,0
89.0,95,0.0,22.0,False,False,0
67.0,16,97.0,31.0,True,False,0
89.0,35,75.0,30.0,True,True,0
63.0,19,39.0,34.0,False,True,1
80.0,29,21.0,30.0,True,False,1
66.0,24,23.0,29.0,False,False,0
50.0,12,68.0,33.0,False,False,0
80.0,35,35.0,39.0,False,False,0
68.0,79,96.0,34.0,False,False,0
59.0,39,86.0,25.0,True,True,0
57.0,20,79.0,27.0,True,True,1
73.0,27,62.0,31.0,True,False,1
66.0,18,0.0,20.0,True,False,0
74.0,51,29.0,40.0,False,False,1
81.0,97,42.0,35.0,True,True,1
96.0,76,69.0,37.0,True,False,0
98.0,94,65.0,29.0,True,True,0
54.0,2,30.0,24.0,True,False,0
93.0,21,30.0,34.0,False,False,0
79.0,61,80.0,38.0,True,True,0
79.0,13,91.0,21.0,False,False,1
70.0,60,37.0,34.0,True,True,1
73.0,58,58.0,37.0,False,True,1
50.0,83,98.0,35.0,False,True,0
58.0,62,20.0,20.0,False,False,0
57.0,45,85.0,21.0,True,False,0
87.0,11,96.0,27.0,True,True,1
64.0,54,71.0,28.0,False,False,1
79.0,51,93.0,22.0,True,True,1
96.0,18,44.0,23.0,False,True,0
82.0,18,2.0,38.0,False,False,0
95.0,83,64.0,28.0,True,False,1
63.0,31,1.0,20.0,False,True,0
55.0,53,70.0,38.0,True,False,1
49.0,1,46.0,30.0,True,True,0
70.0,62,31.0,38.0,False,True,1
94.0,59,6.0,33.0,False,True,0
80.0,52,53.0,23.0,True,False,1
94.0,55,23.0,38.0,True,True,1
97.0,39,20.0,36.0,True,True,0
98.0,36,49.0,37.0,False,True,1
77.0,42,86.0,40.0,True,True,1
95.0,92,19.0,28.0,False,False,1
94.0,86,35.0,29.0,False,False,0
87.0,95,60.0,40.0,True,True,1
69.0,60,97.0,22.0,True,False,1
85.0,5,61.0,40.0,True,False,0
69.0,19,77.0,36.0,True,True,0
56.0,82,25.0,35.0,True,False,1
68.0,8,39.0,36.0,False,False,0
51.0,76,72.0,24.0,True,False,1
51.0,83,21.0,35.0,True,True,1
81.0,10,66.0,39.0,False,False,1
93.0,53,60.0,35.0,True,True,1
69.0,16,81.0,25.0,True,True,1
90.0,65,87.0,19.0,True,False,0
87.0,65,14.0,28.0,False,False,1
72.0,95,67.0,28.0,False,False,1
81.0,30,46.0,32.0,True,False,1
64.0,18,40.0,29.0,False,False,1
54.0,69,28.0,22.0,True,False,1
82.0,25,37.0,40.0,False,False,1
57.0,28,8.0,25.0,True,False,1
100.0,68,52.0,39.0,False,True,0
65.0,8,8.0,21.0,False,False,0
60.0,49,92.0,38.0,False,False,0
47.0,59,90.0,30.0,False,False,1
96.0,15,28.0,27.0,False,False,0
71.0,37,15.0,40.0,True,False,1
69.0,35,77.0,36.0,False,True,0
77.0,86,56.0,38.0,False,False,1
100.0,71,52.0,31.0,True,False,1
54.0,93,59.0,34.0,False,False,0
97.0,73,30.0,21.0,False,False,1
58.0,36,42.0,39.0,False,False,1
79.0,15,83.0,39.0,True,False,0
77.0,73,99.0,40.0,False,True,1
46.0,70,24.0,33.0,True,True,0
87.0,2,46.0,22.0,False,False,1
77.0,57,2.0,21.0,False,True,0
88.0,41,58.0,24.0,True,True,1
97.0,40,19.0,22.0,True,True,1
62.0,77,60.0,22.0,False,True,1
91.0,73,16.0,27.0,True,True,1
53.0,79,46.0,27.0,True,False,1
78.0,3,19.0,30.0,False,False,1
87.0,83,23.0,28.0,True,False,0
54.0,3,4.0,26.0,True,True,0
55.0,85,62.0,23.0,True,True,1
72.0,89,56.0,40.0,False,True,1
96.0,12,2.0,31.0,False,True,1
78.0,40,76.0,27.0,False,False,0
55.0,84,52.0,22.0,True,False,0
64.0,17,48.0,29.0,False,False,1
98.0,33,4.0,28.0,True,False,0
46.0,51,90.0,25.0,True,False,0
48.0,28,84.0,24.0,True,False,1
60.0,64,49.0,33.0,False,False,1
55.0,42,93.0,32.0,False,False,1
92.0,24,4.0,20.0,True,True,1
49.0,29,67.0,18.0,True,False,0
54.0,50,49.0,29.0,False,False,0
48.0,30,45.0,31.0,True,True,0
64.0,39,43.0,34.0,False,True,1
82.0,56,73.0,39.0,True,True,0
94.0,41,6.0,32.0,True,True,0
98.0,75,19.0,27.0,True,False,1
91.0,22,66.0,22.0,False,False,0
96.0,29,31.0,40.0,False,True,1
57.0,45,12.0,27.0,True,False,0
64.0,3,45.0,36.0,False,False,1
76.0,16,21.0,24.0,True,False,0
95.0,15,45.0,33.0,False,True,0
92.0,31,6.0,26.0,False,True,1
48.0,2,87.0,37.0,True,False,1
59.0,52,16.0,32.0,False,True,1
68.0,47,21.0,37.0,False,True,1
92.0,100,43.0,18.0,True,True,1
80.0,17,78.0,28.0,False,False,0
77.0,64,37.0,37.0,True,False,1
99.0,7,31.0,22.0,True,False,0
100.0,47,99.0,31.0,False,True,1
55.0,44,20.0,23.0,False,True,1
46.0,99,41.0,19.0,True,True,0
96.0,86,66.0,33.0,True,False,1
89.0,90,34.0,37.0,True,False,0
79.0,79,10.0,20.0,True,False,1
64.0,18,26.0,20.0,False,True,0
49.0,77,36.0,22.0,False,False,0
97.0,27,34.0,21.0,True,True,0
75.0,76,59.0,36.0,False,False,0
50.0,8,17.0,32.0,True,False,1
86.0,71,25.0,21.0,True,False,1
80.0,51,8.0,31.0,False,False,1
90.0,12,50.0,23.0,True,True,1
64.0,22,92.0,38.0,False,True,1
62.0,46,35.0,37.0,True,True,1
72.0,44,49.0,34.0,False,True,0
76.0,28,40.0,34.0,True,False,0
83.0,63,31.0,29.0,False,False,1
84.0,35,63.0,38.0,False,True,1
54.0,22,8.0,24.0,False,True,1
93.0,90,11.0,39.0,False,True,1
92.0,2,38.0,36.0,True,True,0
45.0,39,85.0,34.0,True,False,1
87.0,67,65.0,30.0,False,False,1
92.0,8,16.0,37.0,True,True,1
87.0,65,15.0,28.0,False,True,0
90.0,10,84.0,37.0,True,False,1
45.0,76,55.0,36.0,True,True,1
81.0,70,56.0,40.0,False,False,0
64.0,12,44.0,25.0,False,False,0
79.0,51,94.0,24.0,False,True,1
51.0,56,73.0,34.0,True,True,0
79.0,44,45.0,38.0,True,True,0
89.0,5,98.0,18.0,True,True,0
78.0,47,59.0,39.0,True,True,1
74.0,91,18.0,23.0,True,False,1
90.0,46,1.0,20.0,False,False,0
75.0,78,73.0,30.0,False,True,0
87.0,24,84.0,25.0,False,False,1
85.0,25,45.0,25.0,False,False,1
79.0,15,23.0,35.0,False,True,0
49.0,64,24.0,36.0,False,True,0
100.0,24,99.0,34.0,False,False,1
51.0,89,37.0,32.0,True,True,1
88.0,72,38.0,39.0,False,False,1
58.0,66,78.0,37.0,False,True,0
59.0,5,27.0,29.0,True,True,0
94.0,43,31.0,38.0,True,False,1
87.0,5,74.0,18.0,False,False,1
85.0,84,2.0,36.0,True,True,1
98.0,84,20.0,39.0,False,False,0
68.0,55,63.0,36.0,False,False,1
86.0,27,32.0,39.0,False,True,0
83.0,66,33.0,19.0,True,False,1
53.0,86,93.0,26.0,True,False,0
94.0,76,94.0,37.0,False,True,0
99.0,89,10.0,38.0,False,True,1
89.0,93,21.0,22.0,False,True,1
92.0,33,99.0,35.0,False,False,0
78.0,7,97.0,30.0,True,True,1
50.0,87,61.0,31.0,True,False,0
95.0,11,13.0,32.0,False,False,1
54.0,1,93.0,21.0,False,True,0
71.0,10,21.0,24.0,True,False,1
59.0,54,9.0,29.0,True,True,0
96.0,83,83.0,24.0,False,False,0
90.0,55,55.0,22.0,False,False,1
82.0,37,16.0,27.0,False,True,0
58.0,30,20.0,26.0,False,False,0
85.0,43,53.0,28.0,False,True,0
94.0,54,38.0,24.0,True,True,1
76.0,62,30.0,21.0,False,False,0
75.0,71,32.0,29.0,True,True,0
47.0,48,32.0,23.0,False,True,1
76.0,75,58.0,35.0,False,True,0
84.0,28,13.0,30.0,True,True,1
90.0,82,3.0,23.0,True,True,1
73.0,80,23.0,40.0,True,True,0
46.0,29,96.0,37.0,True,False,0
56.0,82,90.0,30.0,True,False,0
68.0,58,25.0,29.0,False,True,0
70.0,9,19.0,26.0,False,True,1
76.0,29,28.0,19.0,False,True,0
91.0,64,30.0,21.0,False,False,1
53.0,72,100.0,18.0,False,False,1
86.0,90,61.0,28.0,True,True,0
79.0,20,75.0,19.0,False,False,1
88.0,14,81.0,25.0,False,False,0
75.0,71,94.0,27.0,False,True,0
50.0,61,98.0,21.0,False,True,0
69.0,46,3.0,31.0,True,True,0
98.0,32,32.0,20.0,True,True,1
48.0,17,8.0,19.0,True,True,1
53.0,82,43.0,23.0,True,True,1
68.0,34,31.0,26.0,True,True,1
66.0,71,13.0,30.0,True,False,1
46.0,75,94.0,39.0,False,True,0
82.0,63,5.0,38.0,True,False,1
85.0,33,69.0,24.0,True,True,1
52.0,64,19.0,39.0,True,True,1
63.0,58,80.0,23.0,False,True,0
94.0,55,1.0,34.0,True,False,0
100.0,30,66.0,35.0,True,False,0
89.0,75,47.0,29.0,True,False,1
77.0,79,7.0,30.0,True,True,1
93.0,85,17.0,19.0,False,False,0
70.0,78,74.0,38.0,True,False,0
74.0,74,66.0,26.0,False,True,1
51.0,24,51.0,36.0,False,False,0
61.0,78,77.0,27.0,False,True,1
95.0,22,81.0,39.0,False,True,1
49.0,74,77.0,30.0,False,True,0
84.0,57,77.0,40.0,False,False,0
81.0,80,94.0,27.0,False,True,1
100.0,39,8.0,30.0,False,True,1
78.0,45,74.0,39.0,False,True,1
50.0,16,57.0,33.0,False,False,1
77.0,19,43.0,30.0,False,True,0
65.0,23,45.0,31.0,False,False,1
97.0,1,56.0,37.0,True,True,1
67.0,77,31.0,27.0,False,False,0
52.0,15,35.0,18.0,False,False,1
65.0,67,6.0,18.0,True,True,0
49.0,19,67.0,37.0,True,False,1
57.0,51,44.0,27.0,True,True,0
64.0,52,95.0,22.0,True,False,0
90.0,79,94.0,32.0,False,True,1
94.0,29,75.0,27.0,True,False,0
75.0,51,33.0,20.0,True,True,1
55.0,3,26.0,33.0,True,False,1
48.0,5,31.0,35.0,False,True,1
77.0,78,55.0,34.0,False,True,0
89.0,9,14.0,36.0,False,True,1
58.0,54,87.0,28.0,True,True,0
75.0,94,85.0,30.0,True,False,1
48.0,4,59.0,27.0,True,True,1
72.0,64,15.0,19.0,False,False,0
97.0,24,22.0,20.0,True,False,0
82.0,42,24.0,18.0,False,False,0
56.0,17,30.0,29.0,True,True,1
91.0,40,71.0,22.0,True,True,1
84.0,94,94.0,37.0,True,True,1
58.0,56,52.0,33.0,True,False,1
78.0,3,60.0,38.0,False,True,0
66.0,49,84.0,21.0,True,False,0
84.0,11,24.0,32.0,True,False,1
56.0,68,42.0,31.0,True,True,0
65.0,50,94.0,26.0,False,False,0
75.0,88,19.0,19.0,True,True,1
94.0,72,38.0,27.0,False,True,1
98.0,23,57.0,37.0,True,True,0
92.0,65,56.0,30.0,False,True,0
99.0,30,63.0,38.0,False,False,0
59.0,51,46.0,23.0,True,False,0
87.0,20,29.0,29.0,False,True,1
58.0,28,54.0,26.0,True,False,0
90.0,66,78.0,36.0,True,False,0
73.0,47,90.0,18.0,True,False,0
78.0,14,60.0,30.0,True,True,1
45.0,83,31.0,18.0,False,True,0
82.0,84,9.0,18.0,True,False,1
91.0,31,99.0,19.0,True,False,1
93.0,20,66.0,30.0,True,True,0
45.0,26,39.0,26.0,False,True,1
83.0,55,89.0,31.0,True,False,0
82.0,45,32.0,23.0,True,False,0
92.0,19,20.0,34.0,False,False,0
86.0,59,18.0,28.0,False,False,0
63.0,1,11.0,32.0,False,False,0
55.0,93,91.0,35.0,True,False,0
73.0,40,57.0,26.0,True,True,0
45.0,14,66.0,35.0,False,True,0
67.0,61,85.0,40.0,False,False,1
61.0,63,44.0,28.0,True,False,0
82.0,8,19.0,30.0,True,False,1
88.0,19,20.0,38.0,False,False,0
56.0,55,87.0,40.0,True,True,1
94.0,52,20.0,25.0,False,False,0
50.0,69,51.0,25.0,False,False,1
100.0,78,77.0,24.0,True,True,1
81.0,66,88.0,34.0,True,False,1
72.0,35,0.0,28.0,True,False,1
57.0,60,13.0,26.0,True,False,0
70.0,99,29.0,21.0,False,True,0
45.0,7,0.0,30.0,True,True,0
61.0,43,86.0,18.0,True,True,1
48.0,43,14.0,18.0,False,True,1
46.0,21,44.0,27.0,True,True,0
67.0,35,45.0,39.0,True,False,1
80.0,95,58.0,19.0,False,False,0
95.0,98,53.0,35.0,False,True,0
99.0,93,49.0,36.0,True,False,0
83.0,10,23.0,20.0,False,True,0
95.0,22,43.0,29.0,False,False,1
58.0,20,0.0,25.0,False,True,0
76.0,18,62.0,22.0,True,False,1
67.0,40,25.0,33.0,True,False,1
51.0,20,3.0,30.0,True,True,1
98.0,81,97.0,31.0,True,False,1
100.0,51,84.0,19.0,False,False,1
71.0,56,18.0,36.0,True,False,1
58.0,63,43.0,35.0,True,True,1
84.0,87,35.0,31.0,True,False,0
95.0,62,23.0,19.0,False,False,1
54.0,48,88.0,21.0,True,True,1
90.0,73,98.0,25.0,False,False,0
50.0,22,81.0,35.0,False,True,0
92.0,3,7.0,34.0,False,True,1
61.0,18,87.0,18.0,False,False,0
85.0,43,100.0,28.0,True,True,0
70.0,55,45.0,27.0,False,True,0
88.0,43,31.0,32.0,False,False,0
97.0,4,73.0,23.0,False,False,1
63.0,55,6.0,25.0,True,False,0
71.0,72,24.0,32.0,False,True,0
81.0,59,56.0,30.0,False,True,1
49.0,29,34.0,26.0,True,False,1
63.0,67,30.0,30.0,False,True,0
66.0,37,77.0,33.0,True,True,1
97.0,33,91.0,38.0,False,False,0
66.0,12,86.0,26.0,False,False,0
98.0,82,26.0,23.0,True,True,0
58.0,11,26.0,30.0,False,False,1
89.0,76,96.0,38.0,True,True,1
59.0,73,5.0,30.0,True,True,1
63.0,33,100.0,31.0,True,True,1
64.0,86,62.0,19.0,True,False,0
66.0,8,22.0,35.0,False,True,0
92.0,20,85.0,18.0,True,False,1
98.0,44,97.0,24.0,True,True,1
50.0,93,2.0,39.0,True,True,0
90.0,83,58.0,30.0,True,True,1
52.0,3,59.0,23.0,False,True,0
82.0,61,94.0,22.0,True,False,1
76.0,2,19.0,22.0,False,True,1
98.0,2,42.0,26.0,True,True,0
67.0,28,81.0,34.0,True,True,1
97.0,89,4.0,30.0,True,False,1
91.0,95,26.0,22.0,True,False,1
69.0,18,23.0,30.0,True,False,0
50.0,0,73.0,33.0,False,True,0
97.0,24,9.0,39.0,False,False,1
78.0,96,98.0,27.0,False,False,1
90.0,87,71.0,24.0,False,False,0
80.0,21,85.0,27.0,True,True,0
53.0,47,99.0,22.0,False,True,1
95.0,81,0.0,18.0,True,False,1
76.0,13,42.0,18.0,False,False,0
95.0,69,22.0,24.0,True,False,1
47.0,99,92.0,27.0,False,False,1
49.0,18,71.0,26.0,False,False,1
63.0,50,54.0,26.0,True,False,1
48.0,43,0.0,33.0,False,True,1
99.0,58,0.0,37.0,True,True,1
54.0,77,49.0,39.0,True,True,0
59.0,10,51.0,33.0,True,False,0
61.0,42,66.0,34.0,True,True,1
79.0,82,55.0,18.0,False,True,0
46.0,49,24.0,39.0,True,True,0
83.0,75,4.0,34.0,False,True,1
69.0,9,54.0,39.0,True,True,1
76.0,40,8.0,23.0,True,True,1
88.0,24,66.0,26.0,False,True,0
88.0,33,84.0,18.0,True,True,0
70.0,55,60.0,39.0,False,True,0
94.0,3,40.0,34.0,True,True,1
84.0,75,11.0,27.0,False,True,1
51.0,69,98.0,38.0,True,False,1
53.0,37,83.0,26.0,False,True,1
64.0,53,41.0,19.0,False,False,1
99.0,36,81.0,27.0,False,True,1
71.0,36,52.0,18.0,True,True,1
47.0,57,75.0,30.0,False,True,0
96.0,8,100.0,19.0,True,True,1
76.0,3,67.0,27.0,False,True,1
51.0,46,87.0,27.0,False,True,1
91.0,54,95.0,36.0,True,False,0
93.0,62,17.0,22.0,True,False,0
75.0,96,100.0,23.0,False,False,0
91.0,88,40.0,32.0,False,False,0
89.0,65,79.0,23.0,False,False,0
60.0,47,98.0,39.0,False,False,1
95.0,92,93.0,24.0,False,False,0
54.0,30,58.0,38.0,False,True,0
76.0,95,63.0,24.0,False,False,0
59.0,60,33.0,19.0,False,True,0
83.0,13,94.0,33.0,True,False,0
51.0,77,96.0,24.0,True,True,1
54.0,0,78.0,27.0,False,False,1
98.0,1,18.0,39.0,False,False,1
93.0,26,76.0,28.0,False,True,1
89.0,23,7.0,38.0,True,False,1
79.0,18,44.0,24.0,True,False,0
49.0,65,54.0,32.0,False,True,0
92.0,10,82.0,27.0,True,False,1
84.0,91,4.0,31.0,False,True,0
47.0,62,19.0,23.0,False,False,0
74.0,52,70.0,38.0,True,False,0
82.0,57,31.0,20.0,True,True,1
50.0,46,53.0,34.0,True,True,0
96.0,64,43.0,24.0,True,True,0
68.0,99,54.0,35.0,True,True,1
67.0,18,40.0,18.0,False,False,0
68.0,26,94.0,32.0,True,False,0
86.0,87,73.0,31.0,False,True,0
70.0,58,46.0,36.0,False,True,1
86.0,64,28.0,20.0,True,False,0
90.0,11,49.0,40.0,True,False,1
51.0,27,9.0,22.0,False,False,0
52.0,30,12.0,29.0,False,True,1
93.0,71,1.0,38.0,True,False,1
86.0,40,39.0,36.0,True,True,1
51.0,0,5.0,39.0,False,False,1
52.0,77,80.0,36.0,False,True,1
95.0,91,61.0,34.0,True,True,0
84.0,78,73.0,22.0,False,False,1
66.0,8,100.0,28.0,True,False,1
65.0,4,52.0,29.0,True,False,1
81.0,72,32.0,37.0,True,True,1
74.0,83,26.0,38.0,False,True,1
77.0,0,83.0,24.0,False,True,1
73.0,79,36.0,34.0,True,True,1
98.0,4,81.0,36.0,True,True,0
93.0,57,42.0,39.0,False,False,0
60.0,90,23.0,28.0,True,True,0
92.0,54,52.0,33.0,True,True,1
45.0,9,72.0,28.0,False,False,1
89.0,42,5.0,19.0,False,True,1
70.0,74,55.0,35.0,False,False,1
84.0,72,25.0,36.0,False,True,1
75.0,41,12.0,25.0,False,True,1
45.0,89,85.0,23.0,False,True,0
83.0,88,33.0,37.0,False,False,1
51.0,4,16.0,30.0,False,False,0
90.0,29,10.0,18.0,False,True,0
97.0,59,32.0,40.0,False,True,1
96.0,69,43.0,23.0,False,False,1
59.0,95,27.0,24.0,True,True,0
82.0,74,2.0,21.0,True,False,1
70.0,4,35.0,26.0,False,True,0
97.0,35,53.0,36.0,True,False,1
62.0,33,45.0,22.0,False,False,0
72.0,34,0.0,36.0,False,False,0
68.0,48,33.0,22.0,False,False,1
97.0,22,28.0,34.0,False,False,0
66.0,49,72.0,24.0,True,True,1
85.0,94,56.0,29.0,True,False,1
54.0,65,61.0,29.0,False,False,1
64.0,70,69.0,31.0,True,True,1
73.0,62,35.0,21.0,False,True,1
68.0,80,36.0,29.0,True,True,1
49.0,86,66.0,23.0,False,True,1
82.0,90,66.0,19.0,True,False,0
76.0,1,6.0,23.0,False,True,1
60.0,99,54.0,24.0,True,True,1
93.0,37,17.0,18.0,True,False,0
64.0,19,16.0,20.0,True,False,1
86.0,84,42.0,22.0,True,True,0
